action,name,phone,email,service,agency
Leave,Bradley Dalton,161-4122,morbi.neque.tellus@icloud.net,Accounting,Paris
Leave,Macon Hatfield,1-292-272-6258,mauris@google.org,Accounting,Paris
Add,Hiram Casey,531-3614,hendrerit.a@google.org,Human Ressources,Barcelona
Leave,Jane Glover,1-717-888-6876,nulla@aol.net,Tech Support,Dublin
Leave,Brian Mccoy,1-785-552-2130,tincidunt.tempus.risus@icloud.net,Legal Advisory,Berlin
Leave,Eve Sexton,257-5572,fermentum@google.ca,Management,Lyon
Leave,Caleb Pearson,1-275-112-1611,cursus@google.com,Accounting,Berlin
Leave,Echo Bright,1-713-643-2175,semper@icloud.com,Office Management,Paris
Add,Carl Goodman,1-674-431-7482,mollis.vitae@protonmail.net,IT,Nantes
Leave,Breanna Mckay,1-601-421-8816,mi.felis@outlook.net,IT,Marseille
Leave,Derek Hughes,625-3364,lacus.ut@hotmail.org,Legal Advisory,Nantes
Add,Armando Slater,875-4426,aenean.eget.metus@protonmail.com,Human Ressources,Dublin
Leave,Nadine Bowen,1-273-281-8284,ut.pellentesque@icloud.com,Office Management,Barcelona
Add,Craig Vazquez,922-8505,ipsum@yahoo.ca,IT,Marseille
Add,Nichole Salas,1-386-328-6105,odio.sagittis@hotmail.com,Human Ressources,Madrid
Leave,Prescott Mayer,327-7433,eros.non.enim@outlook.com,Accounting,London
Add,Garth O'connor,1-801-365-3407,nisi.aenean.eget@aol.edu,Customer Relation,Paris
Leave,Jaden Lee,1-380-826-7454,eros.nam.consequat@aol.couk,Management,Marseille
Add,Whitney Rogers,571-7006,egestas.fusce@google.net,Human Ressources,Madrid
Add,Daphne Sweet,244-2268,nulla@google.ca,Sales,Marseille
Add,Elvis Cummings,1-635-154-4375,maecenas.malesuada@icloud.ca,Sales,San Francisco
Add,Charity Daniels,518-4516,dictum.proin@outlook.com,Customer Relation,Dublin
Leave,Mari Sharpe,268-6281,sagittis.lobortis@google.ca,Human Ressources,London
Add,Sawyer Bernard,1-144-212-6437,nullam.lobortis@google.ca,Office Management,Madrid
Add,Byron Patel,121-4645,nulla.in.tincidunt@aol.com,Human Ressources,London
Add,Dexter Rich,345-7277,molestie.sodales.mauris@yahoo.org,Sales,Madrid
Add,Leandra Bright,764-1323,purus@protonmail.net,Accounting,London
Add,Tatiana Farley,1-827-749-8225,arcu.imperdiet@aol.couk,Management,Nantes
Add,Cameron Bird,272-3562,ut.eros@outlook.ca,Management,Madrid
Leave,Ezekiel Lowe,1-262-835-7535,semper.erat@aol.edu,Legal Advisory,Nantes
Add,Angelica Eaton,632-2164,ante.ipsum@google.ca,Tech Support,Madrid
Leave,Carissa Bridges,1-661-790-5118,lorem.ipsum@yahoo.ca,IT,Madrid
Leave,Moses Sims,645-5545,convallis.ligula@hotmail.net,Accounting,Paris
Leave,Sage King,1-121-735-1579,in.lorem.donec@aol.edu,Management,Dublin
Add,Noel Sargent,1-569-488-7405,magna@hotmail.couk,Sales,Paris
Leave,Amaya Vance,245-8256,risus@protonmail.net,IT,Dublin
Leave,Kane Wagner,1-292-201-7462,dolor.fusce@aol.ca,Customer Relation,Marseille
Add,Phyllis May,407-4688,nec.ligula.consectetuer@yahoo.couk,Customer Relation,Berlin
Leave,Jonas Coleman,1-722-481-5716,dictum.augue@google.net,Customer Relation,Nantes
Add,Indira Holder,1-446-445-7366,diam.duis@yahoo.com,Management,Barcelona
Leave,Todd Christian,1-449-731-7150,parturient.montes.nascetur@icloud.couk,Management,Dublin
Leave,Iliana Rich,420-6841,sed.nulla@google.org,Tech Support,Barcelona
Leave,Maggie Case,680-4277,tristique@protonmail.edu,Management,Nantes
Add,Jamalia Burnett,1-474-391-7665,consequat.purus@yahoo.couk,Management,Nantes
Add,Ulla Cain,356-0112,vel.venenatis.vel@aol.com,Management,Barcelona
Leave,Dai Hopkins,1-193-316-4539,duis.sit.amet@outlook.org,Legal Advisory,Marseille
Leave,Jennifer Reynolds,538-9742,ornare.placerat@aol.org,Accounting,Nantes
Add,Dale Washington,1-453-703-8978,orci@aol.net,Tech Support,Dublin
Leave,Halla Whitney,260-4434,odio.phasellus.at@icloud.net,Legal Advisory,New-York
Add,Kieran Leonard,1-879-960-5666,in.consequat@icloud.ca,Human Ressources,Marseille
Add,Azalia Johnston,717-5410,gravida@yahoo.couk,Accounting,Nantes
Leave,Odessa Raymond,1-678-779-8586,maecenas.ornare@icloud.org,Sales,New-York
Leave,Benjamin Ortiz,318-4372,ut.quam.vel@yahoo.org,Sales,Madrid
Leave,Joan Hoover,1-349-416-4676,semper@aol.ca,Management,San Francisco
Add,Chandler Terry,717-6693,imperdiet.nec@google.org,IT,New-York
Add,Quail Mayer,1-588-440-6674,rutrum.non@hotmail.com,Sales,Nantes
Add,Amanda Washington,1-132-713-8147,tellus.lorem.eu@yahoo.edu,Management,Madrid
Leave,Ivor Parker,891-7728,ipsum.primis@protonmail.ca,Office Management,Marseille
Leave,Kieran Horne,1-614-249-6277,ipsum.suspendisse.sagittis@outlook.com,Sales,Paris
Leave,Regan Cline,428-6226,lobortis.class@yahoo.ca,IT,Marseille
Add,Paula Kim,293-6845,integer.tincidunt.aliquam@icloud.couk,Human Ressources,Marseille
Add,Charlotte Wilkinson,1-731-745-1303,nisi.dictum@yahoo.org,Office Management,Barcelona
Leave,Hayley Lloyd,707-8418,ante@icloud.ca,Human Ressources,San Francisco
Leave,Ronan Robinson,434-9834,auctor.mauris.vel@icloud.com,Management,Paris
Leave,Kirby Pugh,452-9933,fringilla.est@aol.org,Tech Support,San Francisco
Add,Urielle Park,443-1565,pulvinar.arcu@aol.ca,Sales,London
Add,Oleg Bridges,1-837-616-4265,magna.ut@yahoo.ca,Accounting,Berlin
Leave,Benjamin Wynn,603-4876,arcu.vestibulum@protonmail.com,Sales,Paris
Add,Channing Wheeler,1-888-673-7470,amet.orci.ut@hotmail.ca,IT,New-York
Leave,Harper Wiley,1-136-496-2256,nulla.ante@protonmail.edu,Legal Advisory,San Francisco
Add,Shafira Travis,1-386-973-5827,risus.duis@google.org,Customer Relation,Paris
Leave,Deirdre Sherman,578-1823,feugiat.non.lobortis@outlook.ca,Human Ressources,Dublin
Leave,Herman Jacobson,1-251-527-4896,velit.aliquam.nisl@yahoo.edu,Tech Support,Dublin
Leave,Coby Serrano,787-6234,nisi.a@hotmail.net,Management,Dublin
Leave,Moses Pate,1-721-115-9637,felis.ullamcorper.viverra@hotmail.ca,Human Ressources,Berlin
Leave,Heidi Mccarty,1-777-326-7870,mattis.integer.eu@aol.org,Human Ressources,Marseille
Leave,Aaron Sanchez,1-169-225-6355,et.ipsum.cursus@aol.ca,Human Ressources,Dublin
Add,Steven Winters,558-6635,nisl.maecenas.malesuada@icloud.net,Management,Paris
Add,Ora Pena,647-4726,et.magna@yahoo.ca,Customer Relation,Marseille
Add,Stephen Kelly,1-333-664-8573,ante.ipsum@protonmail.org,Legal Advisory,Berlin
Add,Chanda Hughes,1-662-616-6780,quam.curabitur@outlook.ca,Management,Lyon
Leave,Felix Shepard,1-324-915-0220,eu@hotmail.ca,Legal Advisory,San Francisco
Add,Patricia Beach,977-8852,et@google.ca,Customer Relation,Berlin
Add,Drew Herring,1-363-764-4462,varius.orci@icloud.com,Tech Support,Lyon
Add,Lucian Hewitt,1-467-740-1132,vulputate@yahoo.com,IT,Dublin
Leave,Michael Freeman,1-531-273-3274,metus.eu.erat@yahoo.edu,Sales,Paris
Leave,Martin Roberts,1-712-762-7658,turpis.nec.mauris@outlook.couk,Accounting,New-York
Add,Darrel Rivera,1-970-198-5168,dapibus.gravida@google.com,Management,Berlin
Leave,Ruby Chan,864-1291,lectus@protonmail.com,Management,Paris
Add,Colorado Holloway,1-331-640-3441,semper.erat@icloud.net,Management,Nantes
Leave,Nolan Beasley,808-2222,cras.eget@icloud.org,Management,Dublin
Add,Kaye Sparks,1-631-375-3728,consectetuer.rhoncus.nullam@outlook.ca,Human Ressources,Nantes
Add,Xavier Albert,644-7241,nunc.lectus@icloud.couk,Sales,Nantes
Add,Nigel Rodgers,588-2855,iaculis.enim@outlook.edu,Tech Support,London
Add,Aimee Barnes,781-3930,urna.ut@icloud.ca,Management,San Francisco
Add,Ferdinand Christian,1-710-523-8422,at.egestas@google.edu,Sales,San Francisco
Add,Laura Bradley,1-579-416-6583,varius.orci@google.couk,IT,Madrid
Add,Vance Love,513-8224,ultrices.a.auctor@protonmail.edu,Sales,San Francisco
Leave,Ivor Parks,934-2740,suspendisse.sed@google.couk,Human Ressources,Paris
Leave,Cathleen Richard,422-1267,interdum@google.org,Human Ressources,New-York
Leave,Zia Simmons,544-2039,ullamcorper@hotmail.net,Management,Barcelona
Leave,Beatrice Matthews,238-4665,id.sapien@icloud.com,Legal Advisory,Paris
Leave,Ciara Kelly,431-1535,nunc.ullamcorper@google.org,Management,Berlin
Leave,Sawyer Hernandez,1-635-639-6178,quisque.tincidunt.pede@aol.org,Human Ressources,San Francisco
Add,Jane Woodard,1-628-553-5139,molestie@protonmail.net,Accounting,San Francisco
Leave,Jeremy Kent,648-7253,vel@icloud.org,IT,San Francisco
Add,Kirsten Franklin,1-879-555-1258,at@icloud.org,Office Management,Lyon
Leave,Grady Kidd,426-6663,consequat.enim@icloud.ca,Customer Relation,Lyon
Add,Channing Randolph,365-6051,odio.phasellus.at@outlook.couk,Sales,Marseille
Leave,Shellie Duncan,1-221-283-9772,adipiscing.elit@aol.org,Legal Advisory,San Francisco
Add,Deirdre Love,1-480-819-8347,magna.malesuada@aol.edu,Tech Support,Madrid
Leave,Herman Campbell,1-237-149-3344,orci.tincidunt@protonmail.ca,IT,Lyon
Add,Honorato Hooper,1-823-564-9225,facilisis.suspendisse.commodo@icloud.com,Accounting,San Francisco
Add,Beck Colon,527-1771,urna.convallis@yahoo.org,Human Ressources,New-York
Add,Kylan Wilkerson,1-434-928-1480,cras.vehicula@aol.ca,Accounting,Dublin
Add,Pamela Stein,1-778-426-9771,est@yahoo.org,Human Ressources,London
Add,Tate Jordan,1-478-831-5291,ut.erat@outlook.com,Human Ressources,Marseille
Leave,Heather Hendricks,1-646-714-4103,tortor.at.risus@google.org,Management,London
Leave,Grady Marsh,657-2725,sem.semper@protonmail.com,Accounting,Nantes
Add,Karly Velez,1-234-723-8037,et.risus@google.com,Tech Support,Lyon
Add,Marshall Wade,457-2516,lectus@icloud.org,Tech Support,San Francisco
Leave,Lunea Durham,1-266-738-4341,neque.vitae.semper@hotmail.couk,Tech Support,Barcelona
Add,Tanner Briggs,1-740-868-9563,at.velit@yahoo.org,IT,Dublin
Leave,Colin Estes,1-488-271-0991,a@aol.com,Customer Relation,London
Leave,Deborah Delaney,548-4646,non.cursus.non@outlook.net,Human Ressources,Marseille
Leave,Lewis Rodriguez,1-855-603-7882,dolor@protonmail.net,Office Management,San Francisco
Leave,Hammett Harrison,209-4326,montes.nascetur@google.com,Sales,Dublin
Leave,Laith Gibbs,122-8977,dui.cum@icloud.ca,Customer Relation,Nantes
Add,Olympia Norris,1-375-737-6466,donec.non@google.org,Sales,Nantes
Add,Jamal Wheeler,1-527-945-8467,orci.sem.eget@protonmail.net,Office Management,Barcelona
Add,Amal Petersen,1-828-591-1232,magna.a.tortor@outlook.com,Office Management,Lyon
Leave,Lois Rosa,366-8808,varius.nam.porttitor@icloud.net,Human Ressources,London
Leave,Sierra Montgomery,1-621-654-6333,blandit.nam@protonmail.edu,Human Ressources,Lyon
Leave,Vanna Reed,662-7651,dapibus.ligula.aliquam@icloud.net,IT,San Francisco
Leave,Ryder Hart,1-531-759-6551,integer.sem@google.net,Human Ressources,New-York
Leave,Theodore Garrison,1-418-553-3872,et.rutrum@icloud.couk,Management,San Francisco
Add,Travis Stone,1-924-877-7757,placerat.eget@yahoo.edu,IT,Madrid
Add,Sylvester Kramer,1-412-977-3306,felis@protonmail.com,Customer Relation,Barcelona
Add,Anastasia Paul,1-694-742-9815,vel.pede@aol.net,IT,Marseille
Add,Colton Glenn,384-1027,sed@aol.couk,Sales,Paris
Leave,Burke Hanson,636-1860,massa.lobortis@hotmail.net,Office Management,Barcelona
Add,Karleigh Frost,1-272-721-8691,luctus.et@google.edu,Legal Advisory,London
Add,Tyrone Mckee,648-2338,sodales@google.ca,Customer Relation,Madrid
Add,Abel Deleon,801-9507,dis.parturient@protonmail.couk,IT,Berlin
Add,Fay Malone,1-682-870-3256,id@icloud.net,Customer Relation,New-York
Add,Josephine Hyde,326-0577,duis.risus@outlook.net,Sales,Lyon
Add,Colorado Summers,1-405-654-7220,et.magnis@hotmail.edu,Accounting,Nantes
Leave,Fatima Flynn,1-238-871-8588,lacus@aol.edu,Accounting,San Francisco
Add,Sopoline Vaughan,1-600-975-8025,sed.eget@protonmail.ca,Accounting,Barcelona
Add,Jana Heath,1-648-162-6642,nam.porttitor@hotmail.couk,Sales,San Francisco
Leave,Aimee Garrett,608-5873,sed@protonmail.edu,Office Management,Madrid
Add,Aladdin Bennett,1-420-628-7266,litora.torquent@google.edu,Accounting,Berlin
Leave,Lisandra Hines,853-6523,eleifend.cras@google.com,IT,Berlin
Leave,Morgan Mcfarland,805-5346,ac.ipsum@google.ca,Tech Support,New-York
Leave,Carly Small,1-221-388-8566,non.enim.commodo@google.com,Customer Relation,Barcelona
Leave,Warren Good,1-657-545-4771,cursus.purus.nullam@icloud.couk,Legal Advisory,Berlin
Leave,Teegan Fry,389-1746,tempor.erat@protonmail.edu,Legal Advisory,Marseille
Add,Zachery Doyle,1-445-972-8932,purus.ac.tellus@yahoo.couk,Human Ressources,Berlin
Add,Echo Mueller,1-206-412-3165,orci.ut@google.net,Customer Relation,Madrid
Add,Samantha Bennett,319-1822,curabitur.ut@google.com,Office Management,Lyon
Add,Preston Klein,1-975-837-4086,ut.dolor.dapibus@protonmail.org,Human Ressources,Barcelona
Leave,Evan Whitley,732-1430,justo.faucibus@protonmail.edu,Accounting,San Francisco
Leave,Lev Joseph,1-174-453-4223,rutrum@aol.ca,Management,Madrid
Leave,Miranda Burt,573-6168,commodo.at.libero@outlook.couk,Legal Advisory,Barcelona
Add,Sonia Rowe,847-7314,arcu.et@icloud.org,IT,Barcelona
Leave,Nayda Stephens,586-5721,eu.nibh.vulputate@google.net,Customer Relation,Lyon
Leave,Chester Giles,1-267-656-4351,eros@google.edu,Tech Support,Marseille
Add,Austin Walter,1-671-322-5331,sed.pharetra@google.com,Office Management,Berlin
Leave,Amy Vang,896-4388,tincidunt.pede@google.com,Human Ressources,San Francisco
Leave,Shad Patton,389-8141,ipsum.donec.sollicitudin@outlook.couk,Management,Madrid
Add,Felicia Ferrell,1-112-319-1415,lectus.convallis@outlook.org,Sales,Lyon
Add,Zeus Gibson,1-273-755-7167,per.inceptos@icloud.com,IT,London
Leave,Sebastian Walls,1-902-511-5597,vestibulum.massa.rutrum@google.net,Management,Lyon
Add,Basil Monroe,1-244-454-8465,nibh.enim@hotmail.couk,IT,Marseille
Add,Mallory Mccullough,248-6238,tellus.non@google.ca,Accounting,London
Leave,Lareina Houston,582-8362,orci.luctus@yahoo.net,IT,New-York
Leave,Jelani Moon,509-2457,quis.lectus@hotmail.net,Tech Support,Berlin
Add,Dante Rich,782-1831,quam.curabitur.vel@outlook.org,Management,Nantes
Add,Louis Fowler,1-824-350-0931,eget@icloud.ca,IT,Barcelona
Add,Edan Delgado,1-223-918-2826,mi.fringilla@yahoo.edu,Office Management,Dublin
Leave,Dante Bradshaw,350-2261,mus.proin@aol.com,Office Management,Marseille
Add,Indira Farmer,1-762-662-7398,vel@yahoo.couk,Management,London
Add,Jenette Buck,1-394-427-2454,cras@outlook.org,Sales,New-York
Add,Colette Wiggins,1-382-486-6321,nulla.facilisi@protonmail.couk,IT,Nantes
Leave,Tallulah Morrison,1-856-471-7526,congue.turpis@aol.org,Legal Advisory,Nantes
Add,Priscilla Roth,1-703-223-1461,hendrerit.id@hotmail.ca,Accounting,London
Add,Darius Velez,1-142-411-8424,vestibulum.ante.ipsum@google.com,Tech Support,Paris
Leave,Charles Blake,1-562-653-6547,iaculis.quis@protonmail.net,Office Management,London
Add,Chava Baker,541-6167,ac.mattis.semper@aol.com,Accounting,Lyon
Leave,Amethyst Sharp,1-404-233-2594,molestie@yahoo.net,Sales,Lyon
Add,Palmer Rivera,1-275-623-5998,luctus.curabitur@hotmail.ca,Customer Relation,Paris
Leave,Cathleen Stokes,1-764-337-8878,est@icloud.net,Management,Berlin
Leave,Adrian King,355-5064,ipsum@icloud.com,Sales,San Francisco
Add,Kevyn Willis,858-5642,eleifend@outlook.ca,Tech Support,Barcelona
Add,Phillip Baxter,1-896-296-1660,lectus.a.sollicitudin@icloud.net,Office Management,Barcelona
Leave,Rahim Graham,1-541-754-2206,fringilla@outlook.edu,IT,Nantes
Add,Lois Austin,1-303-633-8139,ultrices.posuere@yahoo.couk,Customer Relation,Dublin
Leave,Brennan Mccullough,1-872-928-4658,et@google.ca,Office Management,Lyon
Add,Uriel Nicholson,567-6595,sit.amet@protonmail.com,Sales,Paris
Leave,Serina Singleton,861-3285,aliquam.iaculis.lacus@icloud.net,Accounting,Berlin
Leave,Sophia Branch,285-0543,aenean.eget.metus@hotmail.com,Sales,Barcelona
Leave,Christopher Douglas,1-507-505-3296,tincidunt.nibh.phasellus@aol.com,Management,San Francisco
Add,Xanthus Martin,1-476-233-4272,ac.arcu.nunc@aol.net,Customer Relation,Dublin
Add,Kane Fry,838-9817,magna@aol.com,Management,London
Add,Lucius Hobbs,431-7081,lectus@yahoo.org,IT,Berlin
Leave,Laura Avila,828-0902,cras.vulputate@hotmail.couk,Human Ressources,Madrid
Add,Clinton Johnson,1-426-844-1126,tempor.bibendum@protonmail.org,Customer Relation,New-York
Leave,Alden Reyes,1-599-716-7676,in.consectetuer@icloud.ca,Office Management,Madrid
Add,Hasad Anderson,841-8242,non@hotmail.edu,Office Management,Nantes
Add,Hamish Guerrero,665-8446,mollis.integer@google.edu,Management,Lyon
Add,Bert Buck,1-227-711-6122,proin.vel@hotmail.org,Customer Relation,London
Add,Tate Jordan,711-7907,donec.fringilla@outlook.ca,Customer Relation,Lyon
Leave,Ira Moon,874-9474,nam.consequat.dolor@protonmail.ca,Accounting,New-York
Add,Kasimir Sullivan,164-2030,ullamcorper.eu@icloud.com,Legal Advisory,New-York
Leave,Nola Santiago,1-813-344-3328,malesuada.malesuada@aol.com,Legal Advisory,Berlin
Add,Jolene Hardin,840-6651,euismod.in@protonmail.org,Office Management,San Francisco
Leave,Myra Luna,1-370-901-7113,luctus.et@aol.org,Sales,London
Add,Barrett Fischer,456-8868,curabitur.sed.tortor@hotmail.edu,Office Management,Berlin
Add,Lesley Holder,1-719-877-7891,ullamcorper.viverra@outlook.couk,Human Ressources,Paris
Add,Eugenia Townsend,827-5482,orci.lacus@hotmail.net,Office Management,London
Add,Austin Mayo,1-884-762-9658,interdum@aol.ca,Management,Berlin
Add,Lacy Michael,1-127-345-4611,aenean@google.ca,IT,Barcelona
Leave,Maile Walls,219-7152,donec.egestas.duis@outlook.net,Office Management,Berlin
Leave,Phoebe Knox,1-819-485-8882,nunc.nulla@hotmail.com,Accounting,Barcelona
Add,Ebony Kennedy,845-4748,curabitur.sed.tortor@yahoo.couk,Legal Advisory,Lyon
Add,Alyssa Carrillo,1-739-468-7202,consequat.auctor@google.edu,Customer Relation,Paris
Add,Ursa Santana,1-961-129-7812,eros.non.enim@google.ca,IT,Dublin
Add,Travis Foster,1-387-229-7403,morbi.accumsan.laoreet@hotmail.ca,Legal Advisory,Madrid
Leave,Elvis Golden,874-6290,commodo.hendrerit.donec@icloud.org,Office Management,San Francisco
Leave,Celeste Wilkinson,1-412-116-1183,auctor.velit@aol.couk,Customer Relation,Barcelona
Leave,Riley Black,413-7915,accumsan.convallis@hotmail.couk,Accounting,London
Leave,Tanisha Byers,957-3968,sem@protonmail.com,Accounting,Madrid
Leave,Darius Crawford,349-1717,magnis.dis@yahoo.couk,Tech Support,London
Add,Francesca Walls,717-5113,urna@aol.org,Sales,London
Add,Gemma Gilmore,1-724-395-4953,orci.in.consequat@outlook.net,Office Management,London
Leave,Ezekiel Mack,1-366-431-3288,aliquam.adipiscing@yahoo.org,Tech Support,London
Add,Samson Bonner,1-313-251-7886,aliquam@protonmail.edu,IT,Barcelona
Add,Hiram Boyd,1-571-587-3143,porttitor.eros.nec@aol.couk,Customer Relation,Barcelona
Leave,Chaney Randall,135-0532,erat.sed@aol.net,Legal Advisory,New-York
Leave,Miranda Thompson,1-236-774-6448,in@icloud.org,Accounting,London
Add,Rafael Pugh,1-271-254-6346,quam.pellentesque@google.org,IT,Berlin
Add,Lane Blanchard,1-671-184-8552,euismod.ac@icloud.ca,Sales,London
Leave,Simone Holman,1-546-310-6683,auctor.mauris@google.couk,Sales,Madrid
Add,Maggie Knox,557-3047,dolor@icloud.ca,Office Management,Nantes
Add,Anthony Acosta,207-8698,ante.ipsum@yahoo.couk,Management,London
Leave,David Rios,1-284-619-2275,sed.consequat@outlook.org,Management,Berlin
Leave,Diana Allison,1-653-886-1501,eget.odio.aliquam@yahoo.couk,IT,Nantes
Add,Kadeem Berry,1-435-266-7364,malesuada.fringilla@yahoo.com,Customer Relation,San Francisco
Leave,Thomas Estrada,394-5389,fermentum.metus.aenean@aol.ca,Customer Relation,Barcelona
Leave,Lacy Dodson,213-8766,pellentesque.a@icloud.edu,Human Ressources,New-York
Add,Thor Decker,1-133-703-1136,primis.in@icloud.com,Tech Support,Berlin
Leave,Grant Michael,1-725-510-7378,pharetra.sed@hotmail.com,Human Ressources,Dublin
Add,Reuben Joyner,1-934-734-8560,ac.mattis.velit@icloud.couk,Human Ressources,Dublin
Add,Perry Franklin,508-5102,quis.massa.mauris@aol.com,Office Management,San Francisco
Add,Thaddeus Lott,1-751-535-7466,nibh.vulputate@hotmail.edu,Sales,Berlin
Add,Fleur York,1-135-482-4423,aliquam.arcu@hotmail.com,Customer Relation,Berlin
Add,Anthony Bolton,538-7419,cubilia.curae@aol.ca,Management,London
Leave,Samuel Silva,1-334-319-6247,vehicula@hotmail.ca,Office Management,Madrid
Add,Flynn Gregory,1-366-625-1413,ac.feugiat@protonmail.net,Legal Advisory,Barcelona
Leave,Maxwell Williamson,615-7478,cursus@hotmail.edu,Customer Relation,Marseille
Add,Jasmine Ayers,1-817-216-3543,enim.diam@outlook.net,Customer Relation,New-York
Leave,Graiden Beasley,1-886-453-5198,arcu.eu@google.net,Accounting,Nantes
Leave,Yvette Bird,196-8175,ipsum.dolor@aol.edu,Legal Advisory,Berlin
Add,Benjamin Newman,214-5255,ipsum.dolor@icloud.ca,Office Management,Berlin
Add,Alika Burt,1-374-517-7856,sit.amet@google.edu,Management,London
Leave,Madison Wise,1-883-356-6228,erat.semper@icloud.ca,Human Ressources,London
Leave,Vaughan Snider,555-4346,tellus@yahoo.net,Tech Support,London
Leave,Hayfa Adams,778-3424,mollis.non@google.couk,Management,London
Add,Giacomo Fowler,452-1373,ultrices@icloud.org,Customer Relation,Lyon
Add,Neil Jenkins,1-422-788-3441,nonummy.fusce.fermentum@outlook.edu,Human Ressources,Marseille
Add,Scott Dorsey,1-983-427-6646,quisque.tincidunt@google.org,Office Management,Nantes
Add,Echo Wiggins,718-3411,duis.elementum.dui@google.couk,Accounting,New-York
Add,Keiko Nash,1-421-512-4523,neque.non.quam@hotmail.couk,Customer Relation,Barcelona
Leave,Rebekah Good,1-333-964-6242,mattis.semper@yahoo.org,Sales,Berlin
Leave,Quamar Vargas,1-377-361-1940,ornare.lectus@google.couk,Human Ressources,Dublin
Leave,Roth Mclean,644-2347,consectetuer.cursus.et@hotmail.edu,Accounting,Berlin
Add,Gwendolyn Pena,1-731-322-4654,morbi.tristique@outlook.org,Human Ressources,London
Add,Haley Hogan,456-6586,ullamcorper.magna@icloud.com,Management,Paris
Leave,Aretha Benjamin,1-413-431-9724,natoque.penatibus.et@google.couk,Management,San Francisco
Add,Bradley Pittman,158-1067,dolor.elit.pellentesque@aol.com,Legal Advisory,Paris
Add,Myles Everett,706-9493,ultrices.mauris@outlook.ca,Office Management,Paris
Leave,Virginia Moreno,1-954-881-2372,tempor.augue.ac@hotmail.com,Human Ressources,Berlin
Add,Shelly Keller,843-1472,risus@yahoo.com,Tech Support,New-York
Leave,Neville Lang,326-7918,nunc.id@hotmail.couk,Customer Relation,Lyon
Leave,Ainsley Burgess,434-3307,libero.dui@hotmail.com,Customer Relation,London
Leave,Rhoda Williams,371-2328,eros.nec.tellus@icloud.com,IT,Dublin
Leave,Emmanuel Miranda,586-8433,sollicitudin.a.malesuada@outlook.com,Legal Advisory,Barcelona
Leave,Conan Black,881-8522,orci.luctus@protonmail.ca,Customer Relation,Marseille
Add,Dolan Weiss,819-4307,vitae.dolor.donec@outlook.edu,Customer Relation,Nantes
Add,Stephen Simon,730-1213,hendrerit.a.arcu@protonmail.net,Accounting,Dublin
Add,Geraldine Nichols,1-602-112-0486,diam.duis@google.org,Tech Support,Berlin
Leave,Latifah Brown,1-420-387-6601,elit.erat@aol.couk,Human Ressources,Nantes
Add,Marsden Key,1-326-127-3542,imperdiet.non@hotmail.edu,Sales,Barcelona
Leave,Wendy Sweeney,334-8750,nulla.eget@aol.org,Sales,Paris
Leave,Breanna Duncan,1-967-836-2314,tristique.pharetra@outlook.ca,Tech Support,Berlin
Leave,Candice Kline,899-2137,convallis@outlook.edu,Legal Advisory,Madrid
Add,Hilel Goodman,1-606-513-5334,ut@google.net,Human Ressources,Barcelona
Leave,Gisela Pearson,253-8014,facilisis.eget@google.net,Office Management,Nantes
Add,Ezra Willis,439-4772,faucibus.leo@protonmail.couk,Office Management,Lyon
Add,Petra Mcdonald,1-253-250-4631,ultricies.dignissim.lacus@aol.com,Office Management,London
Add,Carl Barker,777-5100,tempus.lorem@protonmail.net,Human Ressources,Paris
Add,Hashim Snyder,1-861-334-4546,ut.aliquam@yahoo.couk,Tech Support,Berlin
Leave,Callie Waters,1-972-145-1131,sed.eget.lacus@aol.net,Tech Support,Paris
Leave,Paul Perkins,1-482-182-3412,faucibus.id.libero@protonmail.net,Human Ressources,Dublin
Leave,Melanie Zimmerman,235-9674,at@outlook.couk,Legal Advisory,Marseille
Leave,Warren Patterson,293-3566,est.nunc.ullamcorper@yahoo.ca,Customer Relation,Barcelona
Add,Chadwick Macias,352-3413,turpis.egestas@icloud.org,Office Management,San Francisco
Leave,Rigel Holmes,1-945-383-5481,donec@outlook.net,IT,New-York
Add,Ishmael Olson,308-0338,pharetra.sed.hendrerit@yahoo.org,Accounting,London
Add,Keefe Camacho,1-317-727-8630,ac.fermentum@yahoo.com,Office Management,San Francisco
Leave,Slade Fernandez,1-337-569-3073,turpis.aliquam.adipiscing@hotmail.org,Customer Relation,Paris
Leave,Abra Campos,721-5821,risus.donec@aol.com,Sales,Nantes
Add,Wilma Wolf,535-4288,aliquam@hotmail.org,Legal Advisory,San Francisco
Add,Yardley Fox,1-465-772-6175,massa@google.net,Legal Advisory,London
Leave,Irma Cox,556-6652,consequat.enim.diam@protonmail.ca,Office Management,Dublin
Leave,Charles Yates,979-4572,laoreet@outlook.net,IT,Dublin
Leave,Myra Barker,1-933-889-1301,mauris.id.sapien@hotmail.ca,Accounting,Madrid
Add,Demetrius Manning,1-262-364-1803,sociis.natoque@google.org,Customer Relation,San Francisco
Add,Alvin Briggs,133-4578,vitae@outlook.com,IT,Lyon
Add,Macey Glass,641-2526,id.magna.et@yahoo.edu,IT,Madrid
Leave,Knox Cain,1-427-884-5326,lobortis.tellus@icloud.couk,IT,Marseille
Leave,Kelsey Salas,1-974-462-8784,urna.vivamus.molestie@hotmail.org,IT,San Francisco
Leave,Odysseus Gould,1-112-644-6982,congue@icloud.com,IT,Madrid
Add,Alden Byrd,1-536-402-5183,per.conubia@hotmail.edu,Sales,Berlin
Add,Giselle Glass,1-884-561-5725,tortor.nibh@aol.com,Management,Marseille
Add,Clark Cline,978-4427,ut.sem.nulla@google.net,Tech Support,Berlin
Add,Echo Battle,1-739-241-6297,lobortis@yahoo.edu,Legal Advisory,New-York
Add,Wallace Pugh,1-685-347-3295,arcu.morbi@icloud.org,Human Ressources,Lyon
Leave,Adam Washington,1-343-867-2651,tortor.at@icloud.org,Tech Support,Lyon
Leave,Quynn Walton,1-541-390-2216,orci.luctus@protonmail.com,Tech Support,Barcelona
Leave,Keegan Shannon,535-2827,tortor.integer@icloud.couk,IT,Berlin
Leave,Anne Olson,989-8811,tempor.bibendum.donec@protonmail.edu,Customer Relation,New-York
Leave,Lewis Herman,939-4732,nisi@yahoo.edu,Management,Madrid
Leave,Ann Maddox,1-176-615-7468,sem@google.net,Office Management,Marseille
Add,Germane Frederick,326-4711,in.magna@protonmail.com,Management,Paris
Leave,Keaton Thornton,237-1715,sodales@google.org,Sales,Nantes
Leave,Roary Berger,1-228-488-6684,phasellus.fermentum@yahoo.edu,Office Management,New-York
Add,Salvador Gay,1-847-331-1827,ligula.eu@icloud.net,Legal Advisory,Nantes
Add,Abbot Holland,243-3537,sed@protonmail.edu,Accounting,Dublin
Add,Mara Tran,534-8861,eget.ipsum@google.couk,Tech Support,New-York
Leave,Dominic Mccullough,1-154-954-5225,arcu.sed@yahoo.couk,Management,Paris
Add,Axel Wooten,676-7557,iaculis.odio@outlook.net,Legal Advisory,Dublin
Add,Fritz Clayton,1-782-225-1714,penatibus.et@aol.com,Office Management,Dublin
Leave,Hoyt Copeland,1-594-217-2888,mus@protonmail.org,Tech Support,Paris
Add,Xenos Chan,1-904-441-7389,rhoncus.nullam.velit@yahoo.com,Management,Barcelona
Leave,Alexa Spencer,409-6971,tincidunt.orci@icloud.couk,Legal Advisory,London
Leave,Kimberly Skinner,635-0652,nunc.pulvinar.arcu@yahoo.com,Accounting,Lyon
Leave,Otto Atkins,1-226-525-2613,amet.dapibus@aol.org,Office Management,London
Leave,Germane Calhoun,480-3229,erat.vitae.risus@google.org,IT,Dublin
Leave,Cheyenne Pruitt,1-614-969-8863,nam.tempor@outlook.com,Management,Berlin
Leave,Thane Matthews,451-6515,enim.sed@hotmail.org,Tech Support,Marseille
Add,Callie Ferrell,934-0385,turpis.in@outlook.edu,Sales,Nantes
Add,Shannon Diaz,1-561-218-8378,eu.elit@google.org,Legal Advisory,New-York
Add,Burton Lynn,1-380-856-0859,commodo.ipsum.suspendisse@hotmail.net,Human Ressources,San Francisco
Leave,Seth Pace,1-373-659-8596,nullam.enim@outlook.com,Tech Support,Madrid
Add,Xanthus Flowers,536-7534,quam.elementum.at@google.net,Human Ressources,Dublin
Leave,Derek Norris,865-5253,facilisis.magna@aol.org,IT,Paris
Leave,Thaddeus Shelton,1-459-494-2629,porttitor.tellus@aol.couk,Customer Relation,Marseille
Leave,Maisie Merritt,1-408-745-2322,non.sollicitudin@protonmail.com,Sales,Madrid
Add,Lydia George,278-2577,tincidunt@google.ca,IT,New-York
Add,Madison Brown,1-957-742-7442,id@hotmail.org,Human Ressources,Madrid
Leave,Sonya Walter,1-413-763-1119,non.lacinia.at@icloud.net,Sales,Nantes
Leave,Mariam Day,787-7678,vivamus@protonmail.org,Human Ressources,San Francisco
Add,Myra Green,551-1288,a.magna.lorem@google.com,Sales,San Francisco
Leave,Laith Buck,1-887-767-2369,at@yahoo.ca,Office Management,San Francisco
Add,Kitra Hamilton,638-6441,cursus.purus@yahoo.ca,Human Ressources,Barcelona
Add,Ria Vazquez,631-8145,massa.lobortis@outlook.edu,Management,New-York
Leave,Sydnee Wiggins,1-158-867-5518,ipsum@icloud.couk,Human Ressources,Paris
Add,Zachery Alston,967-5650,sem.mollis@yahoo.com,Human Ressources,Berlin
Add,Meghan Guzman,1-741-979-7898,netus.et@hotmail.couk,IT,Dublin
Add,Nissim Combs,719-4222,nisi.mauris@google.net,Tech Support,Berlin
Add,Scarlett Henson,332-4521,gravida.aliquam.tincidunt@yahoo.ca,Human Ressources,Nantes
Add,Hunter Luna,1-288-271-3115,volutpat@google.net,Human Ressources,New-York
Add,Ferdinand Tate,648-4423,dolor.sit.amet@yahoo.ca,Customer Relation,San Francisco
Leave,Rudyard Wall,369-2768,vulputate@aol.ca,Human Ressources,New-York
Leave,Naida Delgado,443-8889,sapien.cras@protonmail.org,Human Ressources,Paris
Leave,Rylee Richardson,1-760-170-8165,id.ante@yahoo.ca,Office Management,Nantes
Leave,Chester Berger,1-687-375-5373,at.nisi@icloud.com,Customer Relation,New-York
Add,Sybill Barry,435-2138,sit@hotmail.org,Accounting,Lyon
Leave,Ivor Savage,285-4371,curabitur.vel@protonmail.ca,Accounting,New-York
Add,Audra Clay,945-9448,turpis.non.enim@aol.net,Legal Advisory,San Francisco
Add,Patricia Mccall,1-827-722-3628,fusce.dolor@icloud.org,Accounting,Barcelona
Add,Abel Case,596-7188,posuere@icloud.ca,Office Management,Madrid
Leave,Joseph Vargas,660-7532,tristique.ac@aol.couk,Legal Advisory,Nantes
Leave,Mallory Mercado,1-236-752-1343,vestibulum.accumsan@icloud.edu,IT,San Francisco
Leave,Moses Singleton,1-544-441-8271,duis.ac@google.couk,Tech Support,Madrid
Leave,Orson Webster,443-3293,nec@yahoo.com,Customer Relation,Dublin
Add,Ezekiel Barnett,1-574-285-9625,nunc@protonmail.net,Tech Support,Marseille
Leave,Aurora Emerson,425-4704,aliquam.auctor@aol.com,Tech Support,San Francisco
Leave,Timon Watts,1-666-675-3511,odio.a@outlook.ca,Sales,Madrid
Leave,Ali Beach,1-834-984-7764,eget@aol.org,Office Management,Madrid
Leave,Shelley May,1-391-212-6954,a.magna.lorem@outlook.couk,Management,San Francisco
Add,Quinlan Pearson,1-241-642-7496,nunc.mauris@icloud.couk,Office Management,San Francisco
Leave,Jakeem Buckley,112-6289,in.tincidunt@yahoo.ca,Human Ressources,New-York
Leave,Lee Mcmahon,1-811-771-5274,velit.egestas@yahoo.net,Sales,Lyon
Add,Brynne Bright,1-891-688-9415,senectus.et@yahoo.ca,Tech Support,Madrid
Add,Phelan Boone,1-861-868-4181,dolor.nulla.semper@google.org,Human Ressources,Barcelona
Add,Price Long,1-466-747-7018,odio.a.purus@google.com,Human Ressources,Madrid
Add,Selma Ramos,1-342-183-8481,vitae@google.org,Office Management,Berlin
Add,Jin Walton,334-6343,sit.amet.consectetuer@yahoo.net,Management,Marseille
Leave,Germaine Cantu,298-2554,mollis.dui@hotmail.edu,Accounting,Marseille
Leave,Stewart Bush,1-586-598-7196,rutrum@google.ca,Management,New-York
Add,Brent Santos,1-554-846-0104,orci.lacus.vestibulum@outlook.com,Sales,San Francisco
Add,Guinevere Vazquez,1-874-244-5513,egestas.sed@google.org,Management,San Francisco
Add,Signe Hewitt,1-113-164-9877,phasellus.ornare@hotmail.net,Accounting,Berlin
Add,Buckminster Lester,1-327-133-8373,orci.consectetuer@aol.net,Human Ressources,New-York
Add,Callum English,1-463-560-6172,arcu@protonmail.org,Human Ressources,San Francisco
Leave,Igor Phillips,1-494-551-4454,felis.orci@aol.net,Customer Relation,Marseille
Add,Bianca Snyder,1-934-307-0552,lacus.etiam@google.ca,Customer Relation,London
Leave,Phyllis Fulton,1-870-986-3296,et@protonmail.edu,Management,Madrid
Leave,Igor Mcgowan,1-279-821-5882,elit@yahoo.ca,Management,London
Leave,Chaney Wooten,344-4844,mollis@aol.net,Customer Relation,Dublin
Leave,Nicole Barr,1-278-383-9511,varius.et.euismod@hotmail.org,Management,Dublin
Leave,Jermaine Ashley,1-714-486-1763,tellus.suspendisse@icloud.edu,Tech Support,Marseille
Add,Kirestin Hicks,634-6672,lacus@aol.com,Sales,Marseille
Leave,Yolanda Sloan,1-786-565-4236,mauris.eu.elit@icloud.edu,Management,Nantes
Add,Medge Sargent,833-1312,sapien.imperdiet.ornare@outlook.com,Office Management,London
Leave,Cole Burns,427-3472,nec@icloud.edu,Management,Dublin
Leave,Malachi Cunningham,875-5538,et.libero@aol.ca,Legal Advisory,Lyon
Leave,Benedict Estrada,1-736-313-5767,lorem.fringilla.ornare@google.net,Management,Dublin
Leave,Melodie Simmons,246-8037,in@yahoo.org,Human Ressources,San Francisco
Leave,Carla Reilly,315-5532,donec@aol.edu,Sales,Nantes
Leave,Chandler Joyner,1-614-773-3807,sit.amet@yahoo.couk,Customer Relation,Lyon
Leave,Zephania Branch,1-866-827-2284,iaculis@aol.edu,Human Ressources,Dublin
Add,Lee Cantu,944-2235,arcu.ac@hotmail.net,Human Ressources,London
Add,Xaviera Martin,391-6870,duis.dignissim.tempor@protonmail.net,Office Management,Nantes
Leave,Xanthus Valencia,786-5184,ipsum.ac@outlook.ca,Management,New-York
Add,Ayanna Cook,734-3843,dictum@aol.edu,IT,Madrid
Add,Constance Craig,1-163-875-4497,faucibus.orci@outlook.com,Sales,Barcelona
Add,Cullen Carver,1-323-473-4247,rutrum.eu@outlook.net,Accounting,Madrid
Add,Acton Marks,1-234-657-4058,eu.euismod@hotmail.ca,Office Management,Marseille
Add,Cameron Peters,1-355-554-3798,interdum.enim.non@protonmail.edu,IT,Dublin
Leave,Quinn Hutchinson,863-1543,fusce.mollis@icloud.couk,Office Management,Barcelona
Leave,Nora Barron,854-7463,metus.aenean@icloud.com,Human Ressources,Marseille
Add,Yasir Willis,1-317-518-5713,quis.accumsan@aol.org,Management,Nantes
Add,Lilah Garrison,1-375-215-2298,risus.a.ultricies@google.edu,Tech Support,San Francisco
Add,Madaline Frost,1-111-127-3886,quisque.varius@google.couk,Legal Advisory,Berlin
Leave,Lane Lowery,463-4283,interdum@protonmail.couk,Human Ressources,San Francisco
Leave,Cheyenne Marshall,894-3595,nisi@hotmail.edu,Sales,New-York
Add,Brielle Sheppard,1-280-332-5220,nec.urna@hotmail.ca,Accounting,Berlin
Leave,Guy Peters,1-850-354-0197,ridiculus.mus@outlook.com,Customer Relation,Barcelona
Add,Wade Hubbard,1-833-928-2506,velit.in@outlook.net,Human Ressources,Marseille
Add,Boris Maynard,864-4232,tincidunt.nunc@yahoo.net,Sales,Lyon
Leave,Judith Sloan,657-4758,hendrerit.consectetuer.cursus@google.net,Management,New-York
Leave,Indira Padilla,595-0239,ac.urna@google.com,Management,Paris
Leave,Lillian Oliver,655-7382,non.vestibulum.nec@hotmail.couk,Legal Advisory,Berlin
Leave,Cadman Solis,1-621-843-1917,in.scelerisque.scelerisque@google.edu,IT,San Francisco
Add,Darryl Day,1-833-125-3437,pulvinar.arcu@hotmail.ca,Management,Lyon
Leave,Jin Berg,1-118-216-5031,lobortis@outlook.org,Human Ressources,Nantes
Leave,Magee Perez,1-181-586-2287,tristique.senectus@aol.com,Tech Support,Marseille
Leave,Gage Britt,1-607-526-3342,felis.donec.tempor@google.net,IT,Barcelona
Leave,Zenia Wood,1-834-260-9264,quis.massa.mauris@hotmail.net,Tech Support,Berlin
Add,Adara Rodriquez,873-5043,cursus.integer@hotmail.net,Tech Support,London
Leave,Stuart Bridges,925-8649,nunc.ullamcorper@protonmail.couk,Management,London
Leave,Roanna Park,832-2014,odio@hotmail.com,Management,Nantes
Leave,Roary Sanford,1-536-792-3732,ultricies.sem@yahoo.edu,Customer Relation,Lyon
Add,Elaine Cummings,507-4168,auctor.quis@google.couk,Customer Relation,Paris
Add,Byron Wiley,327-4557,porttitor.scelerisque.neque@icloud.couk,Tech Support,London
Add,Beverly Sanders,1-937-707-4331,at.iaculis@icloud.edu,Sales,Barcelona
Leave,Ferdinand Rosario,940-8575,eu.eleifend@outlook.couk,IT,Dublin
Leave,Randall Wallace,1-556-787-0674,turpis.vitae@hotmail.net,Accounting,Dublin
Add,Trevor Mathis,1-955-801-4253,cubilia.curae@icloud.couk,Office Management,Dublin
Add,Quamar Cervantes,1-524-802-2648,imperdiet@aol.org,Human Ressources,Nantes
Add,Dorian Knox,1-779-441-3341,ligula@yahoo.edu,IT,Paris
Leave,Uma Lara,687-5187,vehicula.aliquet.libero@google.ca,IT,Nantes
Leave,Akeem Douglas,1-226-557-8812,vitae@icloud.org,Management,San Francisco
Add,Rae Gould,172-2403,morbi.tristique@protonmail.ca,Legal Advisory,Dublin
Add,Buffy Reyes,1-428-368-1032,mauris.nulla@aol.edu,Tech Support,Berlin
Leave,Alyssa Dorsey,1-834-778-7400,dapibus@protonmail.org,Sales,San Francisco
Add,Giacomo Macdonald,1-602-434-6401,laoreet.libero@icloud.org,Legal Advisory,Dublin
Leave,Camden Britt,735-6875,ornare@icloud.ca,Tech Support,Nantes
Leave,Zelenia Francis,255-7133,aliquam.nec@google.net,Accounting,Lyon
Add,Lance Ware,1-360-656-4141,quis@hotmail.org,Legal Advisory,Nantes
Add,Craig Mitchell,701-3832,consectetuer@google.org,Customer Relation,Marseille
Leave,Neve Mullins,428-8115,tincidunt.nibh@outlook.edu,Tech Support,Berlin
Add,Yasir Wilder,855-7632,tellus@aol.net,Human Ressources,Paris
Add,Gareth Mckenzie,662-6109,amet.consectetuer.adipiscing@protonmail.ca,IT,London
Add,Hayley Fernandez,757-4825,donec.at.arcu@icloud.com,Office Management,San Francisco
Leave,Phillip Dominguez,1-559-410-4333,donec.tempor.est@icloud.couk,Human Ressources,Barcelona
Add,Larissa Perkins,474-4382,placerat@protonmail.ca,Legal Advisory,Paris
Add,Michelle Logan,883-7538,duis.cursus@hotmail.net,Office Management,Lyon
Add,Melissa Erickson,419-3173,quis.lectus@protonmail.com,Sales,London
Add,Aristotle Cobb,654-1448,mauris.erat.eget@aol.edu,Tech Support,Madrid
Add,Chester Thornton,232-4746,ac.facilisis@protonmail.net,Accounting,Paris
Add,Jesse Sawyer,344-5146,et.netus@aol.com,Sales,New-York
Leave,Carson Austin,437-3454,ullamcorper.nisl.arcu@aol.couk,Office Management,Madrid
Add,Gillian Gentry,596-8114,mi@hotmail.ca,Sales,Madrid
Add,Chester Chambers,1-523-283-3034,nulla@hotmail.ca,Office Management,Madrid
Leave,Armando Finley,707-6015,ut@protonmail.com,Human Ressources,London
Leave,Portia Hayden,1-671-337-4573,cras@icloud.ca,Accounting,Madrid
Add,Brooke Foreman,1-747-570-4012,orci@protonmail.couk,Legal Advisory,Marseille
Add,Merrill Norton,418-5487,integer.vitae@hotmail.couk,Sales,Marseille
Leave,Lamar Carrillo,1-193-417-8822,molestie.orci@protonmail.net,IT,Berlin
Add,Mallory Trevino,1-391-253-4504,ligula@yahoo.net,Sales,Dublin
Leave,Maxwell Daniels,1-135-991-1589,ipsum.dolor.sit@outlook.net,Sales,San Francisco
Add,Quintessa Kennedy,1-795-628-8478,aliquam@yahoo.edu,Legal Advisory,Paris
Add,Sylvester Collins,476-6521,pretium@protonmail.edu,Sales,San Francisco
Leave,Carter Morin,1-627-833-8629,facilisis.non.bibendum@yahoo.edu,Office Management,San Francisco
Add,Cruz Moody,1-433-642-1851,dapibus.ligula@icloud.net,Legal Advisory,Dublin
Add,Zenaida Ramirez,921-6271,ultricies.dignissim@aol.couk,Tech Support,New-York
